,Links
0,https://lubimyczytac.pl/ksiazka/5040271/rodzina-monet-skarb
1,https://lubimyczytac.pl/ksiazka/5063980/langer
2,https://lubimyczytac.pl/ksiazka/5019183/gdzie-spiewaja-raki
3,https://lubimyczytac.pl/ksiazka/5035591/co-wyszeptal-nam-deszcz
4,https://lubimyczytac.pl/ksiazka/5043802/atlas-historia-pa-salta
5,https://lubimyczytac.pl/ksiazka/5063347/nemezis
6,https://lubimyczytac.pl/ksiazka/4803924/it-ends-with-us
7,https://lubimyczytac.pl/ksiazka/5062938/zgloba
8,https://lubimyczytac.pl/ksiazka/5044630/for-sure-not-you
9,https://lubimyczytac.pl/ksiazka/5066278/chlopki-opowiesc-o-naszych-babkach
10,https://lubimyczytac.pl/ksiazka/5059617/kult
11,https://lubimyczytac.pl/ksiazka/5043955/piekna-katastrofa
12,https://lubimyczytac.pl/ksiazka/5050162/to-co-zostaje-w-nas-na-zawsze
13,https://lubimyczytac.pl/ksiazka/5047764/ciesze-sie-ze-moja-mama-umarla
14,https://lubimyczytac.pl/ksiazka/5062526/la-bestia
15,https://lubimyczytac.pl/ksiazka/5047362/babel-czyli-o-koniecznosci-przemocy
16,https://lubimyczytac.pl/ksiazka/4958288/flaw-less-opowiedz-mi-nasza-historie
17,https://lubimyczytac.pl/ksiazka/5060609/reina-roja-czerwona-krolowa
18,https://lubimyczytac.pl/ksiazka/5048994/zuchwa-kaina
19,https://lubimyczytac.pl/ksiazka/5058778/ludzie-z-mgly
20,https://lubimyczytac.pl/ksiazka/5067195/za-granica
21,https://lubimyczytac.pl/ksiazka/5058587/muchomory-w-cukrze
22,https://lubimyczytac.pl/ksiazka/5062543/urwisko
23,https://lubimyczytac.pl/ksiazka/4998215/zycie-violette
24,https://lubimyczytac.pl/ksiazka/5066116/siedem-siostr
25,https://lubimyczytac.pl/ksiazka/5048333/mezczyzna-imieniem-ove
26,https://lubimyczytac.pl/ksiazka/5025494/schronisko-ktore-przestalo-istniec
27,https://lubimyczytac.pl/ksiazka/5063014/schronisko-ktore-przetrwalo
28,https://lubimyczytac.pl/ksiazka/5060347/gdyby-byl-ze-mna
29,https://lubimyczytac.pl/ksiazka/5061023/sasiednie-kolory
30,https://lubimyczytac.pl/ksiazka/5062749/perelka-czesc-1
31,https://lubimyczytac.pl/ksiazka/4810200/silos
32,https://lubimyczytac.pl/ksiazka/4898707/atomowe-nawyki-drobne-zmiany-niezwykle-efekty
33,https://lubimyczytac.pl/ksiazka/5039687/swiatlo-ktorego-nie-widac
34,https://lubimyczytac.pl/ksiazka/5000409/extinguish-the-heat-runda-piata
35,https://lubimyczytac.pl/ksiazka/5002357/mentalista
36,https://lubimyczytac.pl/ksiazka/4963872/start-a-fire-runda-pierwsza
37,https://lubimyczytac.pl/ksiazka/5062892/samotnia
38,https://lubimyczytac.pl/ksiazka/5060279/prezydent-aleksander-kwasniewski-w-rozmowie-z-aleksandrem-kaczorowskim
39,https://lubimyczytac.pl/ksiazka/5028116/lekcje-chemii
40,https://lubimyczytac.pl/ksiazka/5060866/zlodziejka-listow
41,https://lubimyczytac.pl/ksiazka/5055116/co-ze-mna-nie-tak-o-zyciu-w-dysfunkcyjnym-domu-srodowisku-w-polsce-i-o-tym-jak-sobie-z-tym-n
42,https://lubimyczytac.pl/ksiazka/5064414/pokrzywa-i-kosc
43,https://lubimyczytac.pl/ksiazka/5062901/nic-mnie-nie-zlamie-zapanuj-nad-swoim-umyslem-i-pokonaj-przeciwnosci-losu
44,https://lubimyczytac.pl/ksiazka/5055807/stoner
45,https://lubimyczytac.pl/ksiazka/5049152/kazde-kolejne-lato
46,https://lubimyczytac.pl/ksiazka/4924482/czlowiek-w-poszukiwaniu-sensu
47,https://lubimyczytac.pl/ksiazka/5049950/cudowne-lata
48,https://lubimyczytac.pl/ksiazka/4862789/male-zycie
49,https://lubimyczytac.pl/ksiazka/4999480/rok-1984
50,https://lubimyczytac.pl/ksiazka/5053814/kosiarze
51,https://lubimyczytac.pl/ksiazka/5056770/maybe-you
52,https://lubimyczytac.pl/ksiazka/309434/szostka-wron
53,https://lubimyczytac.pl/ksiazka/5006720/the-inheritance-games
54,https://lubimyczytac.pl/ksiazka/4946124/firefly-lane
55,https://lubimyczytac.pl/ksiazka/5065559/fu-k-up
56,https://lubimyczytac.pl/ksiazka/5061281/powrot-do-domu
57,https://lubimyczytac.pl/ksiazka/5034903/wiatrolomy
58,https://lubimyczytac.pl/ksiazka/5010518/love-on-the-brain
59,https://lubimyczytac.pl/ksiazka/5065692/krolowa-charlotta-opowiesc-ze-swiata-bridgertonow-bridgertonowie-prequel
60,https://lubimyczytac.pl/ksiazka/5030222/because-of-you
61,https://lubimyczytac.pl/ksiazka/5060321/marriage-for-one
62,https://lubimyczytac.pl/ksiazka/4552043/odwaga-bycia-nielubianym-japonski-fenomen-ktory-pokazuje-jak-byc-wolnym-i-odmienic-wlasne-zycie
63,https://lubimyczytac.pl/ksiazka/5014352/katharsis
64,https://lubimyczytac.pl/ksiazka/5029705/cholod
65,https://lubimyczytac.pl/ksiazka/5035297/dotknij-mnie
66,https://lubimyczytac.pl/ksiazka/5063590/los
67,https://lubimyczytac.pl/ksiazka/4921407/czarny-labedz-jak-nieprzewidywalne-zdarzenia-rzadza-naszym-zyciem
68,https://lubimyczytac.pl/ksiazka/4983666/anomalia
69,https://lubimyczytac.pl/ksiazka/5055280/przedza-w-poszukiwaniu-wewnetrznej-wolnosci
70,https://lubimyczytac.pl/ksiazka/5053950/wielki-krag
71,https://lubimyczytac.pl/ksiazka/5059615/uklad
72,https://lubimyczytac.pl/ksiazka/5066788/przegrana
73,https://lubimyczytac.pl/ksiazka/5001093/11-papierowych-serc
74,https://lubimyczytac.pl/ksiazka/5001198/mistrz-i-malgorzata
75,https://lubimyczytac.pl/ksiazka/5059814/wybrana
76,https://lubimyczytac.pl/ksiazka/5066007/aktoreczka
77,https://lubimyczytac.pl/ksiazka/5064768/sloneczny-gon
78,https://lubimyczytac.pl/ksiazka/5066856/ta-dziewczyna
79,https://lubimyczytac.pl/ksiazka/4993296/secretum
80,https://lubimyczytac.pl/ksiazka/4942534/diuna
81,https://lubimyczytac.pl/ksiazka/5058105/jutro-jutro-i-znow-jutro
82,https://lubimyczytac.pl/ksiazka/5029827/perelka
83,https://lubimyczytac.pl/ksiazka/154212/pulapki-myslenia-o-mysleniu-szybkim-i-wolnym
84,https://lubimyczytac.pl/ksiazka/5060993/nie-pozdrawiam-ethan
85,https://lubimyczytac.pl/ksiazka/5053377/dunbridge-academy-tam-gdzie-ty
86,https://lubimyczytac.pl/ksiazka/4802748/cien-wiatru
87,https://lubimyczytac.pl/ksiazka/4923151/ballada-ptakow-i-wezy
88,https://lubimyczytac.pl/ksiazka/5061123/mlody-mungo
89,https://lubimyczytac.pl/ksiazka/5058880/gry-seria-twisted
90,https://lubimyczytac.pl/ksiazka/4883142/siedmiu-mezow-evelyn-hugo
91,https://lubimyczytac.pl/ksiazka/5055454/sydonia-slowo-sie-rzeklo
92,https://lubimyczytac.pl/ksiazka/4856796/okrutny-ksiaze
93,https://lubimyczytac.pl/ksiazka/5053395/noce-zarazy
94,https://lubimyczytac.pl/ksiazka/4869961/szczelina
95,https://lubimyczytac.pl/ksiazka/5059415/nastepca-tronu-opowiesc-z-elfhame
96,https://lubimyczytac.pl/ksiazka/231216/hyperion
97,https://lubimyczytac.pl/ksiazka/5045946/sto-lat-samotnosci
98,https://lubimyczytac.pl/ksiazka/5014989/empuzjon
99,https://lubimyczytac.pl/ksiazka/5061863/mordercze-instynkty
